title,company,source,url,date_posted,keyword,last_updated,location
Full Stack Developer Bootcamp - Job Guaranteed ðŸš€,Metana,WeWorkRemotely,https://weworkremotely.comhttps://metana.io/full-stack-software-engineer-bootcamp/?utm_source=weworkremotely.com&utm_medium=homepage-ad,2024-11-23,javascript,2024-11-23 11:25:42,
Software Engineer,Rasayel,RemoteOK,https://remoteok.com/remote-jobs/remote-software-engineer-rasayel-1048850,2024-11-23,javascript,2024-11-23 11:25:42,
Frontend Developer,Oowlish Technology,RemoteOK,https://remoteok.com/remote-jobs/remote-frontend-developer-oowlish-technology-1052035,2024-11-23,javascript,2024-11-23 11:25:42,
Senior RN Developer,Pencil Bible,RemoteOK,https://remoteok.com/remote-jobs/remote-senior-rn-developer-pencil-bible-1051901,2024-11-23,javascript,2024-11-23 11:25:42,
Full Stack Engineer,ResumeDive,RemoteOK,https://remoteok.com/remote-jobs/remote-full-stack-engineer-resumedive-991115,2024-11-23,javascript,2024-11-23 11:25:42,
Software Engineering Manager,FloQast,RemoteOK,https://remoteok.com/remote-jobs/remote-software-engineering-manager-floqast-1043212,2024-11-23,javascript,2024-11-23 11:25:42,
UI Lead R01543593,Brillio,RemoteOK,https://remoteok.com/remote-jobs/remote-ui-lead-r01543593-brillio-1042603,2024-11-23,javascript,2024-11-23 11:25:42,
Full Stack TypeScript Engineer,Wander.com,RemoteOK,https://remoteok.com/remote-jobs/remote-full-stack-typescript-engineer-wander-com-987505,2024-11-23,javascript,2024-11-23 11:25:42,
Senior Software Engineer,Bitmex,RemoteOK,https://remoteok.com/remote-jobs/remote-senior-software-engineer-bitmex-1037115,2024-11-23,javascript,2024-11-23 11:25:42,
Software Engineer Core Commerce,Recharge,RemoteOK,https://remoteok.com/remote-jobs/remote-software-engineer-core-commerce-recharge-1023434,2024-11-23,javascript,2024-11-23 11:25:42,
Process Automation Specialist,LaunchBrightly,RemoteOK,https://remoteok.com/remote-jobs/remote-process-automation-specialist-launchbrightly-1022211,2024-11-23,javascript,2024-11-23 11:25:42,
Expert Smart Contracts Engineer,RootstockLabs,RemoteOK,https://remoteok.com/remote-jobs/remote-expert-smart-contracts-engineer-rootstocklabs-1022724,2024-11-23,javascript,2024-11-23 11:25:42,
AI Engineer,Tether,RemoteOK,https://remoteok.com/remote-jobs/remote-ai-engineer-tether-1021275,2024-11-23,javascript,2024-11-23 11:25:42,
Lead WordPress Developer for Fast Growing Pet Company,Pangolia,RemoteOK,https://remoteok.com/remote-jobs/remote-lead-wordpress-developer-for-fast-growing-pet-company-pangolia-1009707,2024-11-23,javascript,2024-11-23 11:25:42,
Frontend Developer,neuronOS,RemoteOK,https://remoteok.com/remote-jobs/remote-frontend-developer-neuronos-975870,2024-11-23,javascript,2024-11-23 11:25:42,
Full Stack Developer,RainFocus,RemoteOK,https://remoteok.com/remote-jobs/remote-full-stack-developer-rainfocus-1003008,2024-11-23,javascript,2024-11-23 11:25:42,
Senior Software Quality Agent,Bitfinex,RemoteOK,https://remoteok.com/remote-jobs/remote-senior-software-quality-agent-bitfinex-1002413,2024-11-23,javascript,2024-11-23 11:25:42,
Senior .NET Developer PERM Colombia,Arc & Codementor,RemoteOK,https://remoteok.com/remote-jobs/remote-senior-net-developer-perm-colombia-arc-codementor-998822,2024-11-23,javascript,2024-11-23 11:25:42,
Senior Full Stack Rails Engineer FT Colombia,Arc & Codementor,RemoteOK,https://remoteok.com/remote-jobs/remote-senior-full-stack-rails-engineer-ft-colombia-arc-codementor-998820,2024-11-23,javascript,2024-11-23 11:25:42,
Senior Frontend Engineer Payroll Experience,"Gusto, Inc.",RemoteOK,https://remoteok.com/remote-jobs/remote-senior-frontend-engineer-payroll-experience-gusto-inc-997318,2024-11-23,javascript,2024-11-23 11:25:42,
Cloud Operations & Support Engineer - SRE,Docebo,Remotive,https://remotive.com/remote-jobs/devops/cloud-operations-support-engineer-sre-1951827,2024-11-21T20:51:31,javascript,2024-11-23 11:25:42,Remote
Senior QA Automation Engineer,Carewell,Remotive,https://remotive.com/remote-jobs/qa/senior-qa-automation-engineer-1952039,2024-11-21T14:52:01,javascript,2024-11-23 11:25:42,Remote
Frontend Developer,leadtech,Remotive,https://remotive.com/remote-jobs/software-dev/frontend-developer-1951097,2024-11-21T12:50:27,javascript,2024-11-23 11:25:42,Remote
Solidity Developer,SORAMITSU,Remotive,https://remotive.com/remote-jobs/software-dev/solidity-developer-1951370,2024-11-20T18:50:10,javascript,2024-11-23 11:25:42,Remote
Junior Systems Administrator,Talkiatry,Remotive,https://remotive.com/remote-jobs/devops/junior-systems-administrator-1951592,2024-11-20T10:50:47,javascript,2024-11-23 11:25:42,Remote
Technical Customer Support Specialist,Elevenlabs,Remotive,https://remotive.com/remote-jobs/customer-support/technical-customer-support-specialist-1949833,2024-11-20T10:50:16,javascript,2024-11-23 11:25:42,Remote
Junior Implementation Consultant,Dotdigital,Remotive,https://remotive.com/remote-jobs/all-others/junior-implementation-consultant-1951710,2024-11-20T00:50:58,javascript,2024-11-23 11:25:42,Remote
Documentation Engineer,ClickHouse,Remotive,https://remotive.com/remote-jobs/writing/documentation-engineer-1951579,2024-11-19T22:50:55,javascript,2024-11-23 11:25:42,Remote
Product Designer,CellarTracker,Remotive,https://remotive.com/remote-jobs/design/product-designer-1950987,2024-11-19T16:51:28,javascript,2024-11-23 11:25:42,Remote
Frontend Developer,FreedX,Remotive,https://remotive.com/remote-jobs/software-dev/frontend-developer-1949970,2024-11-19T04:51:09,javascript,2024-11-23 11:25:42,Remote
Senior UX Designer,Urbint,Remotive,https://remotive.com/remote-jobs/design/senior-ux-designer-1951115,2024-11-19T00:50:16,javascript,2024-11-23 11:25:42,Remote
Webflow Designer,Sierra Studio,Remotive,https://remotive.com/remote-jobs/design/webflow-designer-1951119,2024-11-18T18:50:55,javascript,2024-11-23 11:25:42,Remote
QA Automation,Fulcrum,Remotive,https://remotive.com/remote-jobs/qa/qa-automation-1950066,2024-11-18T12:51:15,javascript,2024-11-23 11:25:42,Remote
Senior DevOps Engineer (AWS),Proxify,Remotive,https://remotive.com/remote-jobs/devops/senior-devops-engineer-aws-1359476,2024-11-18T07:31:06,javascript,2024-11-23 11:25:42,Remote
MID DEVOPS ENGINEER,LITIT,Remotive,https://remotive.com/remote-jobs/devops/mid-devops-engineer-1949869,2024-11-18T02:50:55,javascript,2024-11-23 11:25:42,Remote
Senior Ads Engineer,Brave,Remotive,https://remotive.com/remote-jobs/software-dev/senior-ads-engineer-1950188,2024-11-17T04:50:36,javascript,2024-11-23 11:25:42,Remote
CAD/CAM Software Developer,Lightforce Orthodontics,Remotive,https://remotive.com/remote-jobs/software-dev/cad-cam-software-developer-1949327,2024-11-16T12:50:16,javascript,2024-11-23 11:25:42,Remote
QA Manual Engineer,INDG,Remotive,https://remotive.com/remote-jobs/qa/qa-manual-engineer-1949504,2024-11-16T08:51:36,javascript,2024-11-23 11:25:42,Remote
Solutions Engineer,Okta,Remotive,https://remotive.com/remote-jobs/sales-business/solutions-engineer-1950108,2024-11-16T02:50:31,javascript,2024-11-23 11:25:42,Remote
SEO Specialist,carsales,Remotive,https://remotive.com/remote-jobs/marketing/seo-specialist-1949999,2024-11-16T02:50:24,javascript,2024-11-23 11:25:42,Remote
Web Developer and Designer,KoBold Metals,Remotive,https://remotive.com/remote-jobs/design/web-developer-and-designer-1949995,2024-11-15T20:50:32,javascript,2024-11-23 11:25:42,Remote
Software Engineer - Customer Projects - Americas,Discourse,Remotive,https://remotive.com/remote-jobs/software-dev/software-engineer-customer-projects-americas-1944220,2024-11-15T19:15:47,javascript,2024-11-23 11:25:42,Remote
Big Data Engineer for AI Training,Outlierai,Remotive,https://remotive.com/remote-jobs/software-dev/big-data-engineer-for-ai-training-1949822,2024-11-15T18:50:16,javascript,2024-11-23 11:25:42,Remote
Senior DevOps Engineer,SwordHealth,Remotive,https://remotive.com/remote-jobs/devops/senior-devops-engineer-1948887,2024-11-15T04:51:19,javascript,2024-11-23 11:25:42,Remote
Software Engineering Tech Lead,Whatnot,Remotive,https://remotive.com/remote-jobs/software-dev/software-engineering-tech-lead-1949322,2024-11-15T04:51:00,javascript,2024-11-23 11:25:42,Remote
Senior DevOps Engineer,LawDepot,Remotive,https://remotive.com/remote-jobs/devops/senior-devops-engineer-1949158,2024-11-14T20:51:11,javascript,2024-11-23 11:25:42,Remote
Senior Developer,Coconut Software,Remotive,https://remotive.com/remote-jobs/software-dev/senior-developer-1949562,2024-11-14T12:51:12,javascript,2024-11-23 11:25:42,Remote
Senior Backend Engineer - Mailing specialist,Oppizi,Remotive,https://remotive.com/remote-jobs/software-dev/senior-backend-engineer-mailing-specialist-1949564,2024-11-14T10:50:32,javascript,2024-11-23 11:25:42,Remote
QA Engineer,OpenPayd,Remotive,https://remotive.com/remote-jobs/qa/qa-engineer-1949885,2024-11-14T04:51:33,javascript,2024-11-23 11:25:42,Remote
Frontend Developer,saas.group,Remotive,https://remotive.com/remote-jobs/software-dev/frontend-developer-1949672,2024-11-13T14:50:46,javascript,2024-11-23 11:25:42,Remote
Senior Product Security Engineer,Cribl,Remotive,https://remotive.com/remote-jobs/product/senior-product-security-engineer-1949126,2024-11-13T02:51:24,javascript,2024-11-23 11:25:42,Remote
Support Engineer,Neo4j,Remotive,https://remotive.com/remote-jobs/customer-support/support-engineer-1948952,2024-11-13T02:51:12,javascript,2024-11-23 11:25:42,Remote
Senior QA Engineer,InPost,Remotive,https://remotive.com/remote-jobs/qa/senior-qa-engineer-1948666,2024-11-13T00:50:29,javascript,2024-11-23 11:25:42,Remote
Algorithm Design Mentor - Tier 3,Outlierai,Remotive,https://remotive.com/remote-jobs/all-others/algorithm-design-mentor-tier-3-1949780,2024-11-12T22:50:23,javascript,2024-11-23 11:25:42,Remote
Senior Full Stack Developer,ForceMetrics,Remotive,https://remotive.com/remote-jobs/software-dev/senior-full-stack-developer-1948813,2024-11-12T14:51:02,javascript,2024-11-23 11:25:42,Remote
Senior QA Engineer,Calendly,Remotive,https://remotive.com/remote-jobs/qa/senior-qa-engineer-1948908,2024-11-12T10:50:44,javascript,2024-11-23 11:25:42,Remote
Platform Engineer,Goswift,Remotive,https://remotive.com/remote-jobs/devops/platform-engineer-1949639,2024-11-12T06:50:14,javascript,2024-11-23 11:25:42,Remote
Senior Ruby on Rails Consultant,thoughtbot,Remotive,https://remotive.com/remote-jobs/software-dev/senior-ruby-on-rails-consultant-1948571,2024-11-12T06:50:06,javascript,2024-11-23 11:25:42,Remote
Staff QA Engineer,Assured,Remotive,https://remotive.com/remote-jobs/qa/staff-qa-engineer-1948910,2024-11-11T22:50:53,javascript,2024-11-23 11:25:42,Remote
Product Designer - Data & Reporting,Nextech,Remotive,https://remotive.com/remote-jobs/design/product-designer-data-reporting-1948198,2024-11-10T06:50:37,javascript,2024-11-23 11:25:42,Remote
Frontend Engineer,Drivetrain,Remotive,https://remotive.com/remote-jobs/software-dev/frontend-engineer-1949082,2024-11-10T04:50:19,javascript,2024-11-23 11:25:42,Remote
Ecommerce Quality Assurance & Customer Experience Lead,Activate Talent,Remotive,https://remotive.com/remote-jobs/qa/ecommerce-quality-assurance-customer-experience-lead-1948914,2024-11-09T20:50:13,javascript,2024-11-23 11:25:42,Remote
Senior Software Engineer,Mozilla,Remotive,https://remotive.com/remote-jobs/software-dev/senior-software-engineer-1948567,2024-11-09T02:51:09,javascript,2024-11-23 11:25:42,Remote
Senior Software Developer in Test (SDET) Engineer,Liquibase,Remotive,https://remotive.com/remote-jobs/qa/senior-software-developer-in-test-sdet-engineer-1947733,2024-11-08T10:50:55,javascript,2024-11-23 11:25:42,Remote
Technical Account Manager,Paddle,Remotive,https://remotive.com/remote-jobs/sales-business/technical-account-manager-1947542,2024-11-08T08:50:30,javascript,2024-11-23 11:25:42,Remote
Front-end Developer,Winona,Remotive,https://remotive.com/remote-jobs/software-dev/front-end-developer-1947973,2024-11-08T02:51:38,javascript,2024-11-23 11:25:42,Remote
"Senior Systems Analyst, Billing & Collections",Toast,Remotive,https://remotive.com/remote-jobs/finance-legal/senior-systems-analyst-billing-collections-1946855,2024-11-07T20:50:37,javascript,2024-11-23 11:25:42,Remote
Sr. Product Engineer - Graph and Network Analysis,Esri,Remotive,https://remotive.com/remote-jobs/software-dev/sr-product-engineer-graph-and-network-analysis-1947977,2024-11-07T18:50:13,javascript,2024-11-23 11:25:42,Remote
Security Engineer,Chainalysis Careers,Remotive,https://remotive.com/remote-jobs/software-dev/security-engineer-1947980,2024-11-07T12:50:43,javascript,2024-11-23 11:25:42,Remote
Data Engineer,Amount,Remotive,https://remotive.com/remote-jobs/software-dev/data-engineer-1948100,2024-11-07T00:50:36,javascript,2024-11-23 11:25:42,Remote
System Engineer,OneTeamAnywhere,Remotive,https://remotive.com/remote-jobs/software-dev/system-engineer-1948179,2024-11-06T16:50:43,javascript,2024-11-23 11:25:42,Remote
Backend Developer,Tellent,Remotive,https://remotive.com/remote-jobs/software-dev/backend-developer-1948324,2024-11-05T16:50:05,javascript,2024-11-23 11:25:42,Remote
Senior iOS Developer,Proxify,Remotive,https://remotive.com/remote-jobs/software-dev/senior-ios-developer-1422554,2024-11-05T15:01:05,javascript,2024-11-23 11:25:42,Remote
Senior Software Engineer,Eventbriteinc,Remotive,https://remotive.com/remote-jobs/software-dev/senior-software-engineer-1947517,2024-11-05T08:50:28,javascript,2024-11-23 11:25:42,Remote
Principal Consultant - Full Stack Drupal Developer,Dynamo Technologies,Remotive,https://remotive.com/remote-jobs/software-dev/principal-consultant-full-stack-drupal-developer-1947638,2024-11-04T10:50:10,javascript,2024-11-23 11:25:42,Remote
Software Developer,TherapyNotes.com,Remotive,https://remotive.com/remote-jobs/software-dev/software-developer-1947891,2024-11-04T06:50:56,javascript,2024-11-23 11:25:42,Remote
Senior Product Designer,Air,Remotive,https://remotive.com/remote-jobs/design/senior-product-designer-1947532,2024-11-03T14:50:40,javascript,2024-11-23 11:25:42,Remote
Software Developer in Test,Cribl,Remotive,https://remotive.com/remote-jobs/software-dev/software-developer-in-test-1947268,2024-11-03T00:50:43,javascript,2024-11-23 11:25:42,Remote
Principal Product Designer,Air,Remotive,https://remotive.com/remote-jobs/design/principal-product-designer-1947536,2024-11-02T16:50:18,javascript,2024-11-23 11:25:42,Remote
"Backend Engineer, Apprenticeship",Fetch Rewards,Remotive,https://remotive.com/remote-jobs/software-dev/backend-engineer-apprenticeship-1947272,2024-11-02T16:50:09,javascript,2024-11-23 11:25:42,Remote
Mobile QA Engineer,Sumsub,Remotive,https://remotive.com/remote-jobs/qa/mobile-qa-engineer-1946610,2024-11-02T00:50:37,javascript,2024-11-23 11:25:42,Remote
Staff Site Reliability Engineer,Acquia,Remotive,https://remotive.com/remote-jobs/devops/staff-site-reliability-engineer-1945838,2024-11-02T00:50:30,javascript,2024-11-23 11:25:42,Remote
Senior Android Engineer,FeedMedia,Remotive,https://remotive.com/remote-jobs/software-dev/senior-android-engineer-1946644,2024-11-01T08:50:38,javascript,2024-11-23 11:25:42,Remote
Senior Software Engineer I - Front End,Wrapbook,Remotive,https://remotive.com/remote-jobs/software-dev/senior-software-engineer-i-front-end-1946754,2024-11-01T00:50:15,javascript,2024-11-23 11:25:42,Remote
Full Stack Engineer,SentiLink,Remotive,https://remotive.com/remote-jobs/software-dev/full-stack-engineer-1946858,2024-10-31T12:50:07,javascript,2024-11-23 11:25:42,Remote
Technical Support Lead,Unlayer,Remotive,https://remotive.com/remote-jobs/customer-support/technical-support-lead-1946144,2024-10-30T20:50:38,javascript,2024-11-23 11:25:42,Remote
Software Engineer,Tiugo,Remotive,https://remotive.com/remote-jobs/software-dev/software-engineer-1945594,2024-10-30T16:50:44,javascript,2024-11-23 11:25:42,Remote
Frontend Engineer,Hiire,Remotive,https://remotive.com/remote-jobs/software-dev/frontend-engineer-1945760,2024-10-30T02:51:06,javascript,2024-11-23 11:25:42,Remote
Support Engineer,Mixpanel,Remotive,https://remotive.com/remote-jobs/customer-support/support-engineer-1946164,2024-10-29T18:51:07,javascript,2024-11-23 11:25:42,Remote
Junior Backend Developer,Hallow,Remotive,https://remotive.com/remote-jobs/software-dev/junior-backend-developer-1945895,2024-10-29T08:50:52,javascript,2024-11-23 11:25:42,Remote
"Full-Stack Developer with Work-Life Balance (JavaScript, Node.js, React)",Spidergap,Remotive,https://remotive.com/remote-jobs/software-dev/full-stack-developer-with-work-life-balance-javascript-node-js-react-1946972,2024-10-28T12:19:38,javascript,2024-11-23 11:25:42,Remote
Senior Test Automation Engineer,Sigma Software,Remotive,https://remotive.com/remote-jobs/qa/senior-test-automation-engineer-1946108,2024-10-28T10:51:14,javascript,2024-11-23 11:25:42,Remote
Senior Solutions Engineer,Flatfile,Remotive,https://remotive.com/remote-jobs/software-dev/senior-solutions-engineer-1946014,2024-10-28T06:50:46,javascript,2024-11-23 11:25:42,Remote
Sr. Frontend Engineer,dv01,Remotive,https://remotive.com/remote-jobs/software-dev/sr-frontend-engineer-1946135,2024-10-28T00:50:08,javascript,2024-11-23 11:25:42,Remote
Senior Application Security Engineer,Lattice,Remotive,https://remotive.com/remote-jobs/software-dev/senior-application-security-engineer-1946138,2024-10-27T16:51:05,javascript,2024-11-23 11:25:42,Remote
"Software Engineer, Frontend",Zingtree,Remotive,https://remotive.com/remote-jobs/software-dev/software-engineer-frontend-1946139,2024-10-27T14:50:14,javascript,2024-11-23 11:25:42,Remote
Senior Software Engineer - Mobility,Mark43,Remotive,https://remotive.com/remote-jobs/software-dev/senior-software-engineer-mobility-1945029,2024-10-26T22:50:39,javascript,2024-11-23 11:25:42,Remote
Payroll Integrations Analyst,Businessolver,Remotive,https://remotive.com/remote-jobs/all-others/payroll-integrations-analyst-1946131,2024-10-26T18:51:21,javascript,2024-11-23 11:25:42,Remote
.NET Developer,Applaudo Studios,Remotive,https://remotive.com/remote-jobs/software-dev/net-developer-1945035,2024-10-26T04:50:28,javascript,2024-11-23 11:25:42,Remote
Product Quality Assurance Specialist,Wattpad,Remotive,https://remotive.com/remote-jobs/qa/product-quality-assurance-specialist-1945130,2024-10-25T22:50:28,javascript,2024-11-23 11:25:42,Remote
Webflow Developer,Contra ,Remotive,https://remotive.com/remote-jobs/software-dev/webflow-developer-1944753,2024-10-25T15:10:08,javascript,2024-11-23 11:25:42,Remote
Senior Security Engineer,Seesaw,Remotive,https://remotive.com/remote-jobs/software-dev/senior-security-engineer-1945165,2024-10-25T14:50:18,javascript,2024-11-23 11:25:42,Remote
Senior DevOps Engineer,TechBiz Global GmbH,Remotive,https://remotive.com/remote-jobs/devops/senior-devops-engineer-1944851,2024-10-25T12:51:12,javascript,2024-11-23 11:25:42,Remote
Business Intelligence Engineer,IDT,Remotive,https://remotive.com/remote-jobs/data/business-intelligence-engineer-1944846,2024-10-24T18:51:18,javascript,2024-11-23 11:25:42,Remote
Full Stack Engineer,Hoop,Remotive,https://remotive.com/remote-jobs/software-dev/full-stack-engineer-1946004,2024-10-24T12:10:36,javascript,2024-11-23 11:25:42,Remote
Lead WordPress Developer for Fast-Growing Pet Company,Pangolia,Remotive,https://remotive.com/remote-jobs/software-dev/lead-wordpress-developer-for-fast-growing-pet-company-1946191,2024-10-24T12:04:30,javascript,2024-11-23 11:25:42,Remote
Senior Software Engineer - Travel AI App,Coral,Remotive,https://remotive.com/remote-jobs/software-dev/senior-software-engineer-travel-ai-app-1945492,2024-10-24T02:50:14,javascript,2024-11-23 11:25:42,Remote
IT Quality Assurance Engineer,BeyondTrust,Remotive,https://remotive.com/remote-jobs/qa/it-quality-assurance-engineer-1944874,2024-10-23T02:50:51,javascript,2024-11-23 11:25:42,Remote
Design Engineer,Xata,Remotive,https://remotive.com/remote-jobs/design/design-engineer-1944798,2024-10-21T18:51:13,javascript,2024-11-23 11:25:42,Remote
Full Stack Developer,Dynamo Technologies,Remotive,https://remotive.com/remote-jobs/software-dev/full-stack-developer-1944494,2024-10-21T14:50:54,javascript,2024-11-23 11:25:42,Remote
Senior Full-Stack Engineer,Simple,Remotive,https://remotive.com/remote-jobs/software-dev/senior-full-stack-engineer-1944496,2024-10-21T10:51:03,javascript,2024-11-23 11:25:42,Remote
QA Engineer,Synack,Remotive,https://remotive.com/remote-jobs/qa/qa-engineer-1943906,2024-10-20T22:50:30,javascript,2024-11-23 11:25:42,Remote
Director of DevOps,Mercy For Animals,Remotive,https://remotive.com/remote-jobs/devops/director-of-devops-1943389,2024-10-20T06:50:57,javascript,2024-11-23 11:25:42,Remote
Technical Account Team Manager,Cyara,Remotive,https://remotive.com/remote-jobs/customer-support/technical-account-team-manager-1944677,2024-10-20T06:50:31,javascript,2024-11-23 11:25:42,Remote
Senior Quality Engineer,Khan Academy,Remotive,https://remotive.com/remote-jobs/qa/senior-quality-engineer-1943910,2024-10-19T04:50:54,javascript,2024-11-23 11:25:42,Remote
Staff Salesforce Engineer,Jobber,Remotive,https://remotive.com/remote-jobs/software-dev/staff-salesforce-engineer-1943815,2024-10-18T18:51:02,javascript,2024-11-23 11:25:42,Remote
Sr. Full Stack Engineer,Authentica Solutions,Remotive,https://remotive.com/remote-jobs/software-dev/sr-full-stack-engineer-1943320,2024-10-17T08:50:58,javascript,2024-11-23 11:25:42,Remote
Senior Software Engineer II,Turquoise Health,Remotive,https://remotive.com/remote-jobs/software-dev/senior-software-engineer-ii-1943560,2024-10-16T20:51:02,javascript,2024-11-23 11:25:42,Remote
Head of AI Research and Development,Tether Operations Limited,Remotive,https://remotive.com/remote-jobs/software-dev/head-of-ai-research-and-development-1944023,2024-10-14T20:50:23,javascript,2024-11-23 11:25:42,Remote
"Engineering Manager, QE Platform",Oneapp,Remotive,https://remotive.com/remote-jobs/software-dev/engineering-manager-qe-platform-1942793,2024-10-13T22:50:25,javascript,2024-11-23 11:25:42,Remote
Senior UX Designer,Excella,Remotive,https://remotive.com/remote-jobs/design/senior-ux-designer-1942228,2024-10-12T02:50:19,javascript,2024-11-23 11:25:42,Remote
Senior Java Engineers,InPost,Remotive,https://remotive.com/remote-jobs/software-dev/senior-java-engineers-1940813,2024-10-11T20:50:11,javascript,2024-11-23 11:25:42,Remote
Device Management,JumpCloud,Remotive,https://remotive.com/remote-jobs/software-dev/device-management-1941974,2024-10-11T08:50:57,javascript,2024-11-23 11:25:42,Remote
"Support Engineer, WordPress VIP",Automattic Careers,Remotive,https://remotive.com/remote-jobs/customer-support/support-engineer-wordpress-vip-1942621,2024-10-10T04:50:19,javascript,2024-11-23 11:25:42,Remote
Python Engineer,Altscore,Remotive,https://remotive.com/remote-jobs/software-dev/python-engineer-1942333,2024-10-09T04:50:37,javascript,2024-11-23 11:25:42,Remote
Backend Python Developer,Infuse,Remotive,https://remotive.com/remote-jobs/software-dev/backend-python-developer-1942431,2024-10-08T22:51:07,javascript,2024-11-23 11:25:42,Remote
Sr. UX Engineer,6Sense,Remotive,https://remotive.com/remote-jobs/design/sr-ux-engineer-1941300,2024-10-07T06:51:07,javascript,2024-11-23 11:25:42,Remote
Senior Frontend Engineer,Kong,Remotive,https://remotive.com/remote-jobs/software-dev/senior-frontend-engineer-1941285,2024-10-06T04:50:52,javascript,2024-11-23 11:25:42,Remote
Staff Software Engineer,CertifID,Remotive,https://remotive.com/remote-jobs/software-dev/staff-software-engineer-1941589,2024-10-05T04:50:45,javascript,2024-11-23 11:25:42,Remote
Middle+/Senior Front-End Developer,BetterMe,Remotive,https://remotive.com/remote-jobs/software-dev/middle-senior-front-end-developer-1941671,2024-10-04T22:50:06,javascript,2024-11-23 11:25:42,Remote
UI/UX Developer,Emerald Zebra,Remotive,https://remotive.com/remote-jobs/design/ui-ux-developer-1940210,2024-10-03T14:50:22,javascript,2024-11-23 11:25:42,Remote
Engineering Team Lead,themis,Remotive,https://remotive.com/remote-jobs/software-dev/engineering-team-lead-1940059,2024-10-03T14:50:11,javascript,2024-11-23 11:25:42,Remote
Senior Backend/DevOps Engineer,Oppizi,Remotive,https://remotive.com/remote-jobs/devops/senior-backend-devops-engineer-1940421,2024-10-01T00:51:04,javascript,2024-11-23 11:25:42,Remote
Software Engineer - Partnerships,Rula,Remotive,https://remotive.com/remote-jobs/software-dev/software-engineer-partnerships-1939129,2024-09-26T18:50:15,javascript,2024-11-23 11:25:42,Remote
Front-End Engineer,VERB Interactive,Remotive,https://remotive.com/remote-jobs/software-dev/front-end-engineer-1937061,2024-09-21T04:50:50,javascript,2024-11-23 11:25:42,Remote
Sr. Software Engineer,Reveleer,Remotive,https://remotive.com/remote-jobs/software-dev/sr-software-engineer-1937481,2024-09-20T08:50:41,javascript,2024-11-23 11:25:42,Remote
Backend Engineer,Xsolla,Remotive,https://remotive.com/remote-jobs/software-dev/backend-engineer-1937730,2024-09-19T10:50:33,javascript,2024-11-23 11:25:42,Remote
React Developer,Neostella,Remotive,https://remotive.com/remote-jobs/software-dev/react-developer-1937326,2024-09-17T12:50:21,javascript,2024-11-23 11:25:42,Remote
Full Stack Engineer,Mark43,Remotive,https://remotive.com/remote-jobs/software-dev/full-stack-engineer-1937331,2024-09-17T02:50:06,javascript,2024-11-23 11:25:42,Remote
Engineering Manager,Wikimedia,Remotive,https://remotive.com/remote-jobs/software-dev/engineering-manager-1936636,2024-09-15T06:50:42,javascript,2024-11-23 11:25:42,Remote
DevOps Engineer,Deutsche Telekom IT Solutions,Remotive,https://remotive.com/remote-jobs/devops/devops-engineer-1936523,2024-09-12T20:50:57,javascript,2024-11-23 11:25:42,Remote
Senior Software Engineer,Complexio,Remotive,https://remotive.com/remote-jobs/software-dev/senior-software-engineer-1936100,2024-09-12T04:50:29,javascript,2024-11-23 11:25:42,Remote
Senior UX Design Lead,Copilot CRM,Remotive,https://remotive.com/remote-jobs/design/senior-ux-design-lead-1933930,2024-09-08T22:50:47,javascript,2024-11-23 11:25:42,Remote
Solutions Engineer,Scrut Automation,Remotive,https://remotive.com/remote-jobs/sales-business/solutions-engineer-1935008,2024-09-08T04:50:21,javascript,2024-11-23 11:25:42,Remote
Senior Full Stack Developer,Moodle,Remotive,https://remotive.com/remote-jobs/software-dev/senior-full-stack-developer-1934143,2024-09-07T10:50:40,javascript,2024-11-23 11:25:42,Remote
Senior Frontend Engineer,Apollo.io,Remotive,https://remotive.com/remote-jobs/software-dev/senior-frontend-engineer-1934250,2024-09-06T22:50:46,javascript,2024-11-23 11:25:42,Remote
Senior UX Designer,Teramind,Remotive,https://remotive.com/remote-jobs/design/senior-ux-designer-1933590,2024-09-04T16:50:21,javascript,2024-11-23 11:25:42,Remote
Middle strong Full-stack (JavaScript/Typescript) developer,TechMagic,Remotive,https://remotive.com/remote-jobs/software-dev/middle-strong-full-stack-javascript-typescript-developer-1933571,2024-09-03T22:50:37,javascript,2024-11-23 11:25:42,Remote
Web Developer,ShiftCare,Remotive,https://remotive.com/remote-jobs/software-dev/web-developer-1933682,2024-09-03T16:50:42,javascript,2024-11-23 11:25:42,Remote
Software Engineer - Platform,Dataiku,Remotive,https://remotive.com/remote-jobs/software-dev/software-engineer-platform-1932636,2024-08-31T16:50:08,javascript,2024-11-23 11:25:42,Remote
Full Stack Software Engineer,Higharc,Remotive,https://remotive.com/remote-jobs/software-dev/full-stack-software-engineer-1932731,2024-08-30T20:50:50,javascript,2024-11-23 11:25:42,Remote
Senior Front End Web Developer,Mosey,Remotive,https://remotive.com/remote-jobs/software-dev/senior-front-end-web-developer-1932841,2024-08-30T04:50:50,javascript,2024-11-23 11:25:42,Remote
